weather_id,station_id,station,data_source,year,month,temperature_c,air_pressure_mbar,wind_speed_knots,wind_direction_deg,relative_humidity_percent,frequency,data_status,notes
MAI_0001,MAI,Maitri,IIG Mumbai,2012,Jan,-1.51,962.21,8.7,,54.08,Monthly average,OBSERVED,Official NCPOR/NPDC IIG AWS monthly average
MAI_0002,MAI,Maitri,IIG Mumbai,2012,Feb,-4.54,971.45,10.09,,55.71,Monthly average,OBSERVED,Official NCPOR/NPDC IIG AWS monthly average
MAI_0003,MAI,Maitri,IIG Mumbai,2012,Mar,-9.51,970.76,8.37,,46.41,Monthly average,OBSERVED,Official NCPOR/NPDC IIG AWS monthly average
MAI_0004,MAI,Maitri,IIG Mumbai,2012,Apr,-14.19,967.92,8.66,,45.75,Monthly average,OBSERVED,Official NCPOR/NPDC IIG AWS monthly average
MAI_0005,MAI,Maitri,IIG Mumbai,2012,May,-14.29,971.35,9.42,,57.03,Monthly average,OBSERVED,Official NCPOR/NPDC IIG AWS monthly average
MAI_0006,MAI,Maitri,IIG Mumbai,2012,Jun,-17.26,975.37,8.97,,50.26,Monthly average,OBSERVED,Official NCPOR/NPDC IIG AWS monthly average
MAI_0007,MAI,Maitri,IIG Mumbai,2012,Jul,-20.1,964.33,9.91,,59.25,Monthly average,OBSERVED,Official NCPOR/NPDC IIG AWS monthly average
MAI_0008,MAI,Maitri,IIG Mumbai,2012,Aug,-15.61,963.42,13.21,,53.98,Monthly average,OBSERVED,Official NCPOR/NPDC IIG AWS monthly average
MAI_0009,MAI,Maitri,IIG Mumbai,2012,Sep,-15.64,967.8,9.55,,41.97,Monthly average,OBSERVED,Official NCPOR/NPDC IIG AWS monthly average
MAI_0010,MAI,Maitri,IIG Mumbai,2012,Oct,-10.55,965.06,10.58,,45.23,Monthly average,OBSERVED,Official NCPOR/NPDC IIG AWS monthly average
MAI_0011,MAI,Maitri,IIG Mumbai,2012,Nov,-3.77,971.78,12.14,,58.66,Monthly average,OBSERVED,Official NCPOR/NPDC IIG AWS monthly average
MAI_0012,MAI,Maitri,IIG Mumbai,2012,Dec,0.32,973.15,8.1,,53.15,Monthly average,OBSERVED,Official NCPOR/NPDC IIG AWS monthly average
MAI_0013,MAI,Maitri,IIG Mumbai,2013,Jan,0.85,970.94,5.81,,55.44,Monthly average,OBSERVED,Official NCPOR/NPDC IIG AWS monthly average
MAI_0014,MAI,Maitri,IIG Mumbai,2013,Feb,-3.57,964.81,9.11,,50.87,Monthly average,OBSERVED,Official NCPOR/NPDC IIG AWS monthly average
MAI_0015,MAI,Maitri,IIG Mumbai,2013,Mar,-8.98,961.17,9.39,,52.98,Monthly average,OBSERVED,Official NCPOR/NPDC IIG AWS monthly average
MAI_0016,MAI,Maitri,IIG Mumbai,2013,Apr,-13.41,968.9,8.82,,45.53,Monthly average,OBSERVED,Official NCPOR/NPDC IIG AWS monthly average
MAI_0017,MAI,Maitri,IIG Mumbai,2013,May,-16.36,971.26,8.89,,51.48,Monthly average,OBSERVED,Official NCPOR/NPDC IIG AWS monthly average
MAI_0018,MAI,Maitri,IIG Mumbai,2013,Jun,-14.63,981.41,8.84,,50.02,Monthly average,OBSERVED,Official NCPOR/NPDC IIG AWS monthly average
MAI_0019,MAI,Maitri,IIG Mumbai,2013,Jul,-17.33,968.65,11.28,,46.09,Monthly average,OBSERVED,Official NCPOR/NPDC IIG AWS monthly average
MAI_0020,MAI,Maitri,IIG Mumbai,2013,Aug,-16.8,975.43,12.12,,50.24,Monthly average,OBSERVED,Official NCPOR/NPDC IIG AWS monthly average
MAI_0021,MAI,Maitri,IIG Mumbai,2013,Sep,-13.42,970.69,11.48,,31.54,Monthly average,OBSERVED,Official NCPOR/NPDC IIG AWS monthly average
MAI_0022,MAI,Maitri,IIG Mumbai,2013,Oct,-11.46,968.95,9.09,,44.12,Monthly average,OBSERVED,Official NCPOR/NPDC IIG AWS monthly average
MAI_0023,MAI,Maitri,IIG Mumbai,2013,Nov,-5.05,966.02,11.72,,70.63,Monthly average,OBSERVED,Official NCPOR/NPDC IIG AWS monthly average
MAI_0024,MAI,Maitri,IIG Mumbai,2013,Dec,-0.68,968.59,8.8,,54.51,Monthly average,OBSERVED,Official NCPOR/NPDC IIG AWS monthly average
MAI_0025,MAI,Maitri,IIG Mumbai,2014,Jan,0.77,974.91,6.72,,61.74,Monthly average,OBSERVED,Official NCPOR/NPDC IIG AWS monthly average
MAI_0026,MAI,Maitri,IIG Mumbai,2014,Feb,-3.15,967.32,10.8,,43.81,Monthly average,OBSERVED,Official NCPOR/NPDC IIG AWS monthly average
MAI_0027,MAI,Maitri,IIG Mumbai,2014,Mar,-7.79,966.31,11.71,,46.95,Monthly average,OBSERVED,Official NCPOR/NPDC IIG AWS monthly average
MAI_0028,MAI,Maitri,IIG Mumbai,2014,Apr,-12.3,964.07,11.98,,42.28,Monthly average,OBSERVED,Official NCPOR/NPDC IIG AWS monthly average
MAI_0029,MAI,Maitri,IIG Mumbai,2014,May,-14.3,975.68,8.74,,52.65,Monthly average,OBSERVED,Official NCPOR/NPDC IIG AWS monthly average
MAI_0030,MAI,Maitri,IIG Mumbai,2014,Jun,-16.36,972.93,9.2,,43.8,Monthly average,OBSERVED,Official NCPOR/NPDC IIG AWS monthly average
MAI_0031,MAI,Maitri,IIG Mumbai,2014,Jul,-19.11,968.12,7.94,,38.86,Monthly average,OBSERVED,Official NCPOR/NPDC IIG AWS monthly average
MAI_0032,MAI,Maitri,IIG Mumbai,2014,Aug,-18.33,970.31,10.76,,62.51,Monthly average,OBSERVED,Official NCPOR/NPDC IIG AWS monthly average
MAI_0033,MAI,Maitri,IIG Mumbai,2014,Sep,-15.67,973.13,10.57,,44.08,Monthly average,OBSERVED,Official NCPOR/NPDC IIG AWS monthly average
MAI_0034,MAI,Maitri,IIG Mumbai,2014,Oct,-14.57,967.59,9.53,,42.52,Monthly average,OBSERVED,Official NCPOR/NPDC IIG AWS monthly average
MAI_0035,MAI,Maitri,IIG Mumbai,2014,Nov,-6.37,968.71,10.55,,54.01,Monthly average,OBSERVED,Official NCPOR/NPDC IIG AWS monthly average
MAI_0036,MAI,Maitri,IIG Mumbai,2014,Dec,-0.51,964.24,8.23,,51.26,Monthly average,OBSERVED,Official NCPOR/NPDC IIG AWS monthly average
MAI_0037,MAI,Maitri,IIG Mumbai,2015,Jan,-1.53,970.59,6.83,,58.25,Monthly average,OBSERVED,Official NCPOR/NPDC IIG AWS monthly average
MAI_0038,MAI,Maitri,IIG Mumbai,2015,Feb,-4.26,965.08,10.08,,49.06,Monthly average,OBSERVED,Official NCPOR/NPDC IIG AWS monthly average
MAI_0039,MAI,Maitri,IIG Mumbai,2015,Mar,-8.77,963.76,10.09,,48.79,Monthly average,OBSERVED,Official NCPOR/NPDC IIG AWS monthly average
MAI_0040,MAI,Maitri,IIG Mumbai,2015,Apr,-12.11,965.11,11.29,,38.18,Monthly average,OBSERVED,Official NCPOR/NPDC IIG AWS monthly average
MAI_0041,MAI,Maitri,IIG Mumbai,2015,May,-13.52,964.03,8.63,,45.21,Monthly average,OBSERVED,Official NCPOR/NPDC IIG AWS monthly average
MAI_0042,MAI,Maitri,IIG Mumbai,2015,Jun,-15.68,969.95,10.7,,42.83,Monthly average,OBSERVED,Official NCPOR/NPDC IIG AWS monthly average
MAI_0043,MAI,Maitri,IIG Mumbai,2015,Jul,-19.24,963,9.15,,40.01,Monthly average,OBSERVED,Official NCPOR/NPDC IIG AWS monthly average
MAI_0044,MAI,Maitri,IIG Mumbai,2015,Aug,-19,959.26,8.91,,40.9,Monthly average,OBSERVED,Official NCPOR/NPDC IIG AWS monthly average
MAI_0045,MAI,Maitri,IIG Mumbai,2015,Sep,-19.96,963.3,7.96,,45.21,Monthly average,OBSERVED,Official NCPOR/NPDC IIG AWS monthly average
MAI_0046,MAI,Maitri,IIG Mumbai,2015,Oct,-9.81,970.68,9.98,,49.23,Monthly average,OBSERVED,Official NCPOR/NPDC IIG AWS monthly average
MAI_0047,MAI,Maitri,IIG Mumbai,2015,Nov,-4.76,967.6,10.15,,60.47,Monthly average,OBSERVED,Official NCPOR/NPDC IIG AWS monthly average
MAI_0048,MAI,Maitri,IIG Mumbai,2015,Dec,-0.56,971.21,7.4,,51.92,Monthly average,OBSERVED,Official NCPOR/NPDC IIG AWS monthly average
